{
    "mpc_params": {
        "h": 0.1,
        "Ts": 0.01,
        "k_hor": 16,
        "mpc_tuning": {
            "w_pos_err": 10,
            "w_u_eff": 1,
            "spd_f": 3
        },
        "physical_limits": {
            "p_min": [
                -10,
                -10
            ],
            "p_max": [
                10,
                10
            ],
            "v_min": [
                -0.5,
                -0.5,
                -2.6179938779914944
            ],
            "v_max": [
                0.5,
                0.5,
                2.6179938779914944
            ],
            "a_min": [
                -10.0,
                -10.0,
                -3.141592653589793
            ],
            "a_max": [
                10.0,
                10.0,
                3.141592653589793
            ],
            "pos_std": 0.001,
            "vel_std": 0.01
        }
    },
    "bezier_params": {
        "num_pieces": 3,
        "num_control_points": 4,
        "piece_max_parameter": 0.5
    },
    "fov_cbf_params": {
        "beta": 120,
        "Rs": 20
    },
    "tasks": {
        "so": [
            [
                3.9800166611121033,
                0.3993336665873126,
                -3.041592653589793
            ],
            [
                2.169288166883891,
                3.3606827950607787,
                -2.1439947525641383
            ],
            [
                -1.2749585624222384,
                3.791369233417687,
                -1.246396851538483
            ],
            [
                -3.759135489809365,
                1.3670773091730053,
                -0.3487989505128276
            ],
            [
                -3.41260672098051,
                -2.0866517121739916,
                0.5487989505128276
            ],
            [
                -0.4963154867624782,
                -3.9690894343161034,
                1.4463968515384824
            ],
            [
                2.7937114319785943,
                -2.8627218577486904,
                2.3439947525641376
            ]
        ],
        "sf": [
            [
                -3.980016661112103,
                0.39933366658731345,
                -0.10000000000000021
            ],
            [
                -2.7937114319785965,
                -2.862721857748688,
                0.797597901025655
            ],
            [
                0.4963154867624768,
                -3.9690894343161034,
                1.6951958020513105
            ],
            [
                3.41260672098051,
                -2.086651712173991,
                2.592793703076966
            ],
            [
                3.759135489809365,
                1.3670773091730057,
                -2.7927937030769656
            ],
            [
                1.2749585624222382,
                3.791369233417687,
                -1.8951958020513104
            ],
            [
                -2.169288166883891,
                3.3606827950607787,
                -0.9975979010256552
            ]
        ]
    },
    "robot_params": {
        "collision_shape": {
            "aligned_box": [
                0.2,
                0.2,
                0
            ]
        }
    }
}