{
    "mpc_params": {
        "h": 0.1,
        "Ts": 0.01,
        "k_hor": 16,
        "mpc_tuning": {
            "w_pos_err": 10,
            "w_u_eff": 1,
            "spd_f": 3
        },
        "physical_limits": {
            "p_min": [
                -10,
                -10
            ],
            "p_max": [
                10,
                10
            ],
            "v_min": [
                -0.5,
                -0.5,
                -2.6179938779914944
            ],
            "v_max": [
                0.5,
                0.5,
                2.6179938779914944
            ],
            "a_min": [
                -10.0,
                -10.0,
                -3.141592653589793
            ],
            "a_max": [
                10.0,
                10.0,
                3.141592653589793
            ],
            "pos_std": 0.001,
            "vel_std": 0.01
        }
    },
    "bezier_params": {
        "num_pieces": 3,
        "num_control_points": 4,
        "piece_max_parameter": 0.5
    },
    "fov_cbf_params": {
        "beta": 120,
        "Rs": 20
    },
    "tasks": {
        "so": [
            [
                3.9800166611121033,
                0.3993336665873126,
                -3.041592653589793
            ],
            [
                2.9851786767712256,
                2.662462819975219,
                -2.413274122871835
            ],
            [
                0.8501039003951757,
                3.908621669915484,
                -1.7849555921538758
            ],
            [
                -1.6096816719629756,
                3.661819891112407,
                -1.1566370614359174
            ],
            [
                -3.4546235566990293,
                2.016327374584829,
                -0.5283185307179586
            ],
            [
                -3.9800166611121033,
                -0.39933366658731245,
                0.09999999999999995
            ],
            [
                -2.9851786767712256,
                -2.662462819975219,
                0.7283185307179586
            ],
            [
                -0.8501039003951779,
                -3.9086216699154837,
                1.356637061435917
            ],
            [
                1.6096816719629736,
                -3.661819891112408,
                1.9849555921538753
            ],
            [
                3.454623556699028,
                -2.016327374584831,
                2.613274122871834
            ]
        ],
        "sf": [
            [
                -3.980016661112103,
                0.39933366658731345,
                -0.10000000000000021
            ],
            [
                -3.4546235566990298,
                -2.016327374584828,
                0.5283185307179583
            ],
            [
                -1.609681671962975,
                -3.6618198911124074,
                1.1566370614359176
            ],
            [
                0.8501039003951765,
                -3.908621669915484,
                1.784955592153876
            ],
            [
                2.9851786767712256,
                -2.6624628199752185,
                2.413274122871835
            ],
            [
                3.9800166611121033,
                -0.3993336665873122,
                3.0415926535897935
            ],
            [
                3.454623556699029,
                2.0163273745848294,
                -2.6132741228718346
            ],
            [
                1.6096816719629754,
                3.661819891112407,
                -1.984955592153876
            ],
            [
                -0.850103900395176,
                3.908621669915484,
                -1.3566370614359173
            ],
            [
                -2.9851786767712256,
                2.662462819975219,
                -0.7283185307179586
            ]
        ]
    },
    "robot_params": {
        "collision_shape": {
            "aligned_box": [
                0.2,
                0.2,
                0
            ]
        }
    }
}