{
    "mpc_params": {
        "h": 0.1,
        "Ts": 0.01,
        "k_hor": 16,
        "mpc_tuning": {
            "w_pos_err": 10,
            "w_u_eff": 1,
            "spd_f": 3
        },
        "physical_limits": {
            "p_min": [
                -10,
                -10
            ],
            "p_max": [
                10,
                10
            ],
            "v_min": [
                -0.5,
                -0.5,
                -2.6179938779914944
            ],
            "v_max": [
                0.5,
                0.5,
                2.6179938779914944
            ],
            "a_min": [
                -10.0,
                -10.0,
                -3.141592653589793
            ],
            "a_max": [
                10.0,
                10.0,
                3.141592653589793
            ],
            "pos_std": 0.001,
            "vel_std": 0.01
        }
    },
    "bezier_params": {
        "num_pieces": 3,
        "num_control_points": 4,
        "piece_max_parameter": 0.5
    },
    "fov_cbf_params": {
        "beta": 120,
        "Rs": 20
    },
    "tasks": {
        "so": [
            [
                3.9800166611121033,
                0.3993336665873126,
                -3.041592653589793
            ],
            [
                2.7921829137528555,
                2.8642127323483875,
                -2.3434609527920616
            ],
            [
                0.29785574939215975,
                3.9888948284649013,
                -1.6453292519943297
            ],
            [
                -2.335841430407049,
                3.2471287027147464,
                -0.9471975511965979
            ],
            [
                -3.87657244493297,
                0.9859949691486334,
                -0.249065850398866
            ],
            [
                -3.6034121291710552,
                -1.736496768595589,
                0.44906585039886593
            ],
            [
                -1.6441752307050568,
                -3.6464623693020575,
                1.1471975511965968
            ],
            [
                1.0843895311801122,
                -3.8502077014970215,
                1.845329251994329
            ],
            [
                3.305556379778894,
                -2.2523980598693147,
                2.543460952792061
            ]
        ],
        "sf": [
            [
                -3.980016661112103,
                0.39933366658731345,
                -0.10000000000000021
            ],
            [
                -3.3055563797788956,
                -2.252398059869312,
                0.5981317007977317
            ],
            [
                -1.084389531180117,
                -3.85020770149702,
                1.2962634015954633
            ],
            [
                1.6441752307050521,
                -3.6464623693020592,
                1.9943951023931952
            ],
            [
                3.603412129171055,
                -1.7364967685955903,
                2.692526803190927
            ],
            [
                3.8765724449329704,
                0.9859949691486319,
                -2.8925268031909277
            ],
            [
                2.335841430407053,
                3.2471287027147433,
                -2.1943951023931967
            ],
            [
                -0.2978557493921592,
                3.9888948284649013,
                -1.496263401595464
            ],
            [
                -2.7921829137528524,
                2.86421273234839,
                -0.7981317007977328
            ]
        ]
    },
    "robot_params": {
        "collision_shape": {
            "aligned_box": [
                0.2,
                0.2,
                0
            ]
        }
    }
}