{
    "mpc_params": {
        "h": 0.1,
        "Ts": 0.01,
        "k_hor": 16,
        "mpc_tuning": {
            "w_pos_err": 10,
            "w_u_eff": 1,
            "spd_f": 3
        },
        "physical_limits": {
            "p_min": [
                -10,
                -10
            ],
            "p_max": [
                10,
                10
            ],
            "v_min": [
                -0.5,
                -0.5,
                -2.6179938779914944
            ],
            "v_max": [
                0.5,
                0.5,
                2.6179938779914944
            ],
            "a_min": [
                -10.0,
                -10.0,
                -3.141592653589793
            ],
            "a_max": [
                10.0,
                10.0,
                3.141592653589793
            ],
            "pos_std": 0.001,
            "vel_std": 0.01
        }
    },
    "bezier_params": {
        "num_pieces": 3,
        "num_control_points": 4,
        "piece_max_parameter": 0.5
    },
    "fov_cbf_params": {
        "beta": 120,
        "Rs": 20
    },
    "tasks": {
        "so": [
            [
                3.9800166611121033,
                0.3993336665873126,
                -3.041592653589793
            ],
            [
                2.5319252267078327,
                3.0966683139077857,
                -2.256194490192345
            ],
            [
                -0.39933366658731273,
                3.980016661112103,
                -1.4707963267948965
            ],
            [
                -3.0966683139077857,
                2.5319252267078327,
                -0.6853981633974483
            ],
            [
                -3.9800166611121033,
                -0.39933366658731245,
                0.09999999999999995
            ],
            [
                -2.5319252267078345,
                -3.0966683139077844,
                0.8853981633974477
            ],
            [
                0.39933366658731045,
                -3.9800166611121033,
                1.670796326794896
            ],
            [
                3.0966683139077844,
                -2.5319252267078345,
                2.4561944901923445
            ]
        ],
        "sf": [
            [
                -3.980016661112103,
                0.39933366658731345,
                -0.10000000000000021
            ],
            [
                -3.0966683139077866,
                -2.531925226707832,
                0.685398163397448
            ],
            [
                -0.39933366658731195,
                -3.9800166611121033,
                1.4707963267948967
            ],
            [
                2.5319252267078305,
                -3.096668313907788,
                2.2561944901923443
            ],
            [
                3.9800166611121033,
                -0.3993336665873122,
                3.0415926535897935
            ],
            [
                3.096668313907788,
                2.53192522670783,
                -2.456194490192346
            ],
            [
                0.3993336665873124,
                3.9800166611121033,
                -1.6707963267948966
            ],
            [
                -2.53192522670783,
                3.096668313907788,
                -0.8853981633974491
            ]
        ]
    },
    "robot_params": {
        "collision_shape": {
            "aligned_box": [
                0.2,
                0.2,
                0
            ]
        }
    }
}