{
    "mpc_params": {
        "h": 0.1,
        "Ts": 0.01,
        "k_hor": 16,
        "mpc_tuning": {
            "w_pos_err": 300,
            "w_u_eff": 1,
            "spd_f": 3
        },
        "physical_limits": {
            "p_min": [
                -10,
                -10
            ],
            "p_max": [
                10,
                10
            ],
            "v_min": [
                -0.5,
                -0.5,
                -2.6179938779914944
            ],
            "v_max": [
                0.5,
                0.5,
                2.6179938779914944
            ],
            "a_min": [
                -10.0,
                -10.0,
                -3.141592653589793
            ],
            "a_max": [
                10.0,
                10.0,
                3.141592653589793
            ],
            "pos_std": 0.001,
            "vel_std": 0.01
        }
    },
    "bezier_params": {
        "num_pieces": 3,
        "num_control_points": 4,
        "piece_max_parameter": 0.5
    },
    "fov_cbf_params": {
        "beta": 120,
        "Rs": 20
    },
    "tasks": {
        "so": [
            [
                -5.0,
                1.0,
                0.0
            ],
            [
                -7.0,
                1.0,
                0.0
            ],
            [
                -5.0,
                -1.0,
                0.0
            ]
        ],
        "sf": [
            [
                7.0,
                1.0,
                0.0
            ],
            [
                5.0,
                1.0,
                0.0
            ],
            [
                7.0,
                -1.0,
                0.0
            ]
        ]
    },
    "robot_params": {
        "collision_shape": {
            "aligned_box": [
                0.2,
                0.2,
                0
            ]
        }
    }
}